id,name,yearpublished,rank,bayesaverage,average,usersrated,is_expansion,abstracts_rank,cgs_rank,childrensgames_rank,familygames_rank,partygames_rank,strategygames_rank,thematic_rank,wargames_rank,complexity,width,length,depth,weight
224517,Brass: Birmingham,2018,1,8.39915,8.57194,54863,0,,,,,,1,,,3.868,11.811,11.811,2.04724,4.3894
161936,Pandemic Legacy: Season 1,2015,2,8.35472,8.50893,56456,0,,,,,,3,1,,2.8282,9.05512,11.9685,3,4.89426
342942,Ark Nova,2021,3,8.35262,8.54073,56344,0,,,,,,2,,,3.7885,11.811,14.3701,2.87402,5.4851
174430,Gloomhaven,2017,4,8.31292,8.55214,65904,0,,,,,,4,2,,3.9133,11.5,16,7.5,18.9598
316554,Dune: Imperium,2020,5,8.22315,8.41446,55263,0,,,,,,7,,,3.07,11.811,11.811,3.22835,3.43039
233078,Twilight Imperium: Fourth Edition,2017,6,8.22204,8.56762,27155,0,,,,,,6,4,,4.3433,11.81,17,5.28,10.58
115746,War of the Ring: Second Edition,2011,7,8.19414,8.54931,24123,0,,,,,,,3,1,4.2229,10.9449,16.063,3.58268,6.57418
167791,Terraforming Mars,2016,8,8.19349,8.34311,109375,0,,,,,,8,,,3.2659,11.7,11.7,2.8,3.5274
397598,Dune: Imperium – Uprising,2023,9,8.18423,8.7034,14905,0,,,,,,5,,,3.5032,12,12,3.15,3.5
187645,Star Wars: Rebellion,2016,10,8.16902,8.41889,35401,0,,,,,,,6,,3.7472,11.6142,11.6142,5.31496,5.75407
162886,Spirit Island,2017,11,8.1415,8.33954,59973,0,,,,,,10,,,4.0773,11.5354,11.5354,3.07087,4.29901
291457,Gloomhaven: Jaws of the Lion,2020,12,8.11178,8.37652,39385,0,,,,,,11,7,,3.6328,9.05512,11.4173,4.33071,6.30522
220308,Gaia Project,2017,13,8.09131,8.35611,30271,0,,,,,,9,,,4.4008,11.811,14.3701,2.65748,6.40222
12333,Twilight Struggle,2005,14,8.04714,8.2329,51220,0,,,,,,14,,2,3.6136,9.2,12.2,2.1,3.5274
84876,The Castles of Burgundy,2011,15,8.02423,8.15326,67502,0,,,,,,16,,,2.9737,8.625,12.2,2.625,2
182028,Through the Ages: A New Story of Civilization,2015,16,8.02376,8.25544,34071,0,,,,,,13,,,4.4392,10.0394,14.5669,2.95276,3.96832
193738,Great Western Trail,2016,17,7.98541,8.15868,43112,0,,,,,,19,,,3.6961,11.6142,11.6142,2.95276,3.85809
295770,Frosthaven,2022,19,7.96438,8.76552,9354,0,,,,,,12,5,,4.4071,11.811,16.3386,9.84252,33.0693
28720,Brass: Lancashire,2007,20,7.9591,8.19666,26672,0,,,,,,18,,,3.8506,10.7,12.4,2.2,3.5
173346,7 Wonders Duel,2015,21,7.95783,8.08221,105238,0,,,,,,26,,,2.2268,8,8,2,1.23
169786,Scythe,2016,22,7.95612,8.10929,90762,0,,,,,,25,,,3.4529,11.811,14.3701,3.93701,7.38989
167355,Nemesis,2018,23,7.95103,8.25425,35647,0,,,,,,,12,,3.4849,11.6929,11.6929,5.90551,8.53189
177736,A Feast for Odin,2016,24,7.94308,8.16529,32175,0,,,,,,22,,,3.8646,8.85827,12.4016,4.72441,8.6
266507,Clank! Legacy: Acquisitions Incorporated,2019,25,7.94216,8.50775,10874,0,,,,,,,8,,2.7375,16.5,11.25,4.25,7.46926
124361,Concordia,2013,26,7.92973,8.08208,43926,0,,,,,,24,,,2.9872,15.8,11.3,2.2,3.7
418059,SETI: Search for Extraterrestrial Intelligence,2024,27,7.91417,8.39166,14165,0,,,,,,20,,,3.8059,14.4882,10.1575,2.91339,7.42517
338960,Slay the Spire: The Board Game,2024,28,7.91396,8.67889,9314,0,,,,,,17,,,2.9152,12.2047,12.2047,4.52756,8.43709
421006,The Lord of the Rings: Duel for Middle-earth,2024,29,7.90681,8.35876,14867,0,,,,1,,23,,,2.0635,8.11024,10.6693,2.04724,1.38891
312484,Lost Ruins of Arnak,2020,30,7.90584,8.07492,53409,0,,,,2,,31,,,2.9336,10.0394,14.3701,2.75591,5.2448
341169,Great Western Trail: Second Edition,2021,31,7.90513,8.27889,16666,0,,,,,,21,,,3.7031,11.61,11.61,2.95,2.40304
205637,Arkham Horror: The Card Game,2016,32,7.89698,8.12568,46740,0,,2,,,,,13,,3.5627,10,10,2,2.0503
237182,Root,2018,33,7.88151,8.06883,60670,0,,,,,,37,,12,3.8347,8.85827,11.4173,2.75591,4.01241
373106,Sky Team,2023,34,7.87456,8.14121,25841,0,,,,3,,,14,,2.0408,7.28346,10.0394,1.9685,1.24341
120677,Terra Mystica,2012,35,7.86517,8.03727,50231,0,,,,,,34,,,3.9748,8.93701,12.4409,3.66142,4.73994
192135,Too Many Bones,2017,36,7.8645,8.30377,16212,0,,,,,,29,10,,3.8592,14.5,14.5,3.75,9.4
164928,Orléans,2014,37,7.85955,8.04759,34522,0,,,,,,33,,,3.0153,8.9,12.48,2.87,4.34311
266192,Wingspan,2019,38,7.85674,8.00881,107576,0,,,,6,,47,,,2.4752,11.6142,11.6142,2.95276,5.247
251247,Barrage,2019,39,7.84024,8.14195,20645,0,,,,,,32,,,4.1139,8.85827,12.4016,4.72441,6.00319
96848,Mage Knight Board Game,2011,40,7.83794,8.0788,34676,0,,,,,,38,17,,4.373,9.84,13.9,2.99,4.19
199792,Everdell,2018,41,7.81707,7.99236,64748,0,,,,9,,49,,,2.8275,11.6142,11.6142,2.95276,4.45334
183394,Viticulture Essential Edition,2015,42,7.81525,7.96573,53517,0,,,,,,45,,,2.8956,8.66142,10.6299,4.13386,4.27697
321608,Hegemony: Lead Your Class to Victory,2023,43,7.81517,8.40607,10732,0,,,,,,27,,,4.2398,11.811,11.811,3.93701,7.28407
324856,The Crew: Mission Deep Sea,2021,44,7.81217,8.06586,23487,0,,,,5,,36,,,2.0451,5.07874,7.04724,1.5748,0.78485
366013,Heat: Pedal to the Metal,2022,45,7.79447,8.00891,36164,0,,,,10,,,,,2.2041,11.7323,11.7323,4.09449,5.72981
521,Crokinole,1876,46,7.79289,8.05926,20341,0,,,,7,,,,,1.223,30.7087,30.7087,2.75591,15.4324
285774,Marvel Champions: The Card Game,2019,47,7.7907,8.10969,26760,0,,3,,,,,,,2.949,10.0394,11.6142,3.14961,3.08647
284378,Kanban EV,2020,48,7.78857,8.38159,9535,0,,,,,,28,,,4.3015,12.52,15.51,3.54,7.71618
175914,Food Chain Magnate,2015,49,7.77651,8.03995,22321,0,,,,,,41,,,4.1907,8.7,12.28,2.28,3.94
247763,Underwater Cities,2018,50,7.77503,8.04418,22106,0,,,,,,39,,,3.583,9.2,12.2,2.1,3.74786
256960,Pax Pamir: Second Edition,2019,51,7.76799,8.13313,16729,0,,,,,,40,,,3.8516,8.4,11.5,2.1,4.22626
3076,Puerto Rico,2002,52,7.75651,7.90051,73323,0,,,,,,55,,,3.2682,8.66142,12.2047,2.6378,2.38099
253344,Cthulhu: Death May Die,2019,53,7.7556,8.18326,15883,0,,,,,,,15,,2.4957,12.7165,12.7165,4.72441,6.74615
295947,Cascadia,2021,54,7.74515,7.90484,50992,0,1,,,11,,,,,1.8478,9.44882,9.44882,2.75591,2.31485
383179,Age of Innovation,2023,55,7.74504,8.49832,7499,0,,,,,,30,,,4.2668,11.811,14.3701,3.14961,6.61387
184267,On Mars,2020,56,7.74447,8.16923,14335,0,,,,,,42,,,4.6302,15.5512,12.5984,3.14961,8.08656
314040,Pandemic Legacy: Season 0,2020,57,7.7409,8.34905,9114,0,,,,,,35,11,,3.1657,10.6299,14.5669,3.07087,5.82902
102794,Caverna: The Cave Farmers,2013,58,7.74012,7.92838,36695,0,,,,,,52,,,3.7753,8.9,12.4,2.2,7.93664
185343,Anachrony,2017,59,7.7368,8.04817,20836,0,,,,,,48,,,4,10.2362,13.7795,2.44094,5.59974
170216,Blood Rage,2015,60,7.73163,7.90619,50715,0,,,,,,60,,,2.882,12.2047,12.2047,4.13386,4.71789
31260,Agricola,2007,61,7.7301,7.8613,75718,0,,,,,,59,,,3.635,8.9,12.4,2.75591,4.62971
365717,Clank!: Catacombs,2022,62,7.7277,8.24641,11498,0,,,,8,,46,,,2.502,11.811,11.811,3.18898,3.70597
251661,Oathsworn: Into the Deepwood,2022,63,7.72013,8.79905,6381,0,,,,,,,9,,3.6898,12,16,7,20.3
161533,Lisboa,2017,64,7.71221,8.1736,12430,0,,,,,,44,,,4.5726,12.5197,15.5512,3.14961,9.54602
231733,Obsession,2018,65,7.70965,8.08489,16565,0,,,,,,51,21,,3.1056,11.6142,11.6142,3.62205,6.50364
182874,Grand Austria Hotel,2015,66,7.70919,7.96015,23962,0,,,,,,53,,,3.2013,8.85827,12.4016,2.75591,3.30693
414317,Harmonies,2024,67,7.70596,8.02553,22458,0,3,,,12,,,,,2.0169,8.38583,8.38583,2.6378,1.98416
255984,Sleeping Gods,2021,68,7.70503,8.11888,15028,0,,,,,,,20,,3.2613,11.7323,12.126,4.33071,8.2982
221107,Pandemic Legacy: Season 2,2017,69,7.69861,8.01818,17962,0,,,,,,54,19,,3.2456,10.6299,14.5669,3,4.99347
390092,Ticket to Ride Legacy: Legends of the West,2023,70,7.69543,8.65572,5646,0,,,,4,,,,,2.5812,12.5984,17.126,4.2126,9.25941
205059,Mansions of Madness: Second Edition,2016,71,7.68666,7.92223,39348,0,,,,,,,26,,2.7004,11.9291,11.9291,5.43307,5.48951
126163,Tzolk'in: The Mayan Calendar,2012,72,7.68546,7.84815,41676,0,,,,,,66,,,3.6633,11.7,11.7,2.8,3.30693
2651,Power Grid,2004,73,7.68511,7.80039,68452,0,,,,,,72,,,3.2488,10.6,14.7,2.2,3
216132,Clans of Caledonia,2017,74,7.67309,7.93994,21941,0,,,,,,58,,,3.4685,8.82,12.24,2.09,3.73
244521,Quacks,2018,75,7.66972,7.80671,56643,0,,,,14,,,,,1.9407,11.7,11.7,2.8,3.08647
371942,The White Castle,2023,76,7.66516,7.99193,19192,0,,,,,,67,,,3.0517,7.08661,9.05512,2.59843,2.94538
266810,Paladins of the West Kingdom,2019,77,7.66388,7.96063,19866,0,,,,,,61,,,3.713,9.05512,9.05512,2.6378,4.15571
35677,Le Havre,2008,78,7.66181,7.83601,33335,0,,,,,,68,,,3.7092,8.88,12.45,2.83,2.20462
125153,The Gallerist,2015,79,7.65944,8.0068,16014,0,,,,,,56,,,4.2162,12.5,15.5,3.5,7.875
164153,Star Wars: Imperial Assault,2014,80,7.6558,7.95677,25626,0,,,,,,,27,,3.3016,11.625,11.625,5.25,5.66
240980,Blood on the Clocktower,2022,81,7.65474,8.36179,9652,0,,,,,1,64,,,3.05,11.811,14.3701,3.34646,9.03895
124742,Android: Netrunner,2012,82,7.65431,7.89083,31054,0,,6,,,,,,,3.413,11.7,11.7,2.8,2.4
276025,Maracaibo,2019,83,7.65146,7.96196,18185,0,,,,,,65,,,3.9142,11.6929,11.6929,2.83465,4.27256
200680,Agricola (Revised Edition),2016,84,7.64728,7.95508,20433,0,,,,,,71,,,3.4441,8.93701,12.4803,2.87402,1.98416
380607,Great Western Trail: New Zealand,2023,85,7.63828,8.48895,6092,0,,,,,,43,,,3.9933,11.7,11.7,2.8,6.64914
209010,Mechs vs. Minions,2016,86,7.63416,7.9568,18131,0,,,,,,73,24,,2.457,13.5827,20.2756,4.84252,12.8309
284083,The Crew: The Quest for Planet Nine,2019,87,7.62743,7.7666,46855,0,,,,15,,,,,1.9625,7.08661,5.07874,1.5748,0.661387
55690,Kingdom Death: Monster,2015,88,7.62455,8.47645,10221,0,,,,,,,18,,4.2719,12.5,24,4.5,17
332772,Revive,2022,89,7.6195,8.08562,11570,0,,,,,,63,,,3.4596,11.7,11.7,2.8,6.25231
28143,Race for the Galaxy,2007,90,7.61916,7.73864,58080,0,,,,,,78,,,2.9919,7.5,10.75,2.625,1.4375
322289,Darwin's Journey,2023,91,7.61771,8.10922,11003,0,,,,,,62,,,3.9022,11.81,11.81,2.04724,4.11383
230802,Azul,2017,92,7.61197,7.72212,103440,0,2,,,17,,,,,1.7734,10.2362,10.2362,2.75591,2.65
157354,Five Tribes: The Djinns of Naqala,2014,93,7.61102,7.76497,44303,0,,,,,,84,,,2.8386,11.6929,11.6929,2.83465,3.74786
366161,Wingspan Asia,2022,94,7.60652,8.22573,9051,0,,,,13,,70,,,2.6585,8.46457,11.6142,1.65354,2.86601
201808,Clank!: A Deck-Building Adventure,2016,95,7.60164,7.76531,46159,0,,,,19,,93,,,2.2314,12.2047,12.2047,3.22835,3.17907
159675,Fields of Arle,2014,96,7.59752,8.0266,12068,0,,,,,,69,,,3.8428,8.9,12.4,3.6,4.91631
337627,Voidfall,2023,97,7.59626,8.52798,6035,0,,,,,,50,,,4.591,12.9921,15.748,3.34646,9.9208
72125,Eclipse: New Dawn for the Galaxy,2011,98,7.59476,7.82077,28890,0,,,,,,86,,,3.706,15.74,11.02,3.54,6.61
277659,Final Girl,2021,99,7.58887,8.25069,9862,0,,,,,,,22,,2.7409,6.29921,8.66142,1.5748,1.11113
93,El Grande,1995,100,7.58868,7.76656,31996,0,,,,,,80,,,2.9373,11.6142,11.6142,2.67717,2.86601
191189,Aeon's End,2016,101,7.58755,7.87146,23261,0,,,,,,90,,,2.8049,11.0236,11.0236,3.58268,3.44362
291453,SCOUT,2019,102,7.58571,7.80615,25129,0,,,,16,,,,,1.3774,2.59843,4.37008,1.45669,0.451948
110327,Lords of Waterdeep,2012,103,7.58487,7.73063,58356,0,,,,,,100,,,2.4493,11.0236,13.9764,2.95276,3.70377
256916,Concordia Venus,2018,104,7.57722,8.25909,7195,0,,,,,,57,,,2.9953,11.1,15.63,2.76,5.95248
359871,Arcs,2024,105,7.57252,8.04667,13813,0,,,,,,82,,,3.4224,11.4173,8.85827,2.75591,3.92423
229853,Teotihuacan: City of Gods,2018,106,7.57235,7.84111,21596,0,,,,,,81,,,3.7778,11.7,11.7,2.8,4.62971
317985,Beyond the Sun,2020,107,7.5667,7.87289,16888,0,,,,,,75,,,3.1477,10.7,14.6,2.2,5.54683
62219,Dominant Species,2010,108,7.55938,7.80447,22130,0,,,,,,87,,,4.0414,9.2,12.2,3,4.5
25613,Through the Ages: A Story of Civilization,2006,109,7.55781,7.82149,19772,0,,,,,,83,,,4.1775,8.75,12.25,2.25,2.6
279537,The Search for Planet X,2020,110,7.5549,7.9081,14846,0,,,,,,88,,,2.4371,10.4331,10.4331,2.16535,3.35764
68448,7 Wonders,2010,111,7.55428,7.66655,110518,0,,,,22,,116,,,2.3152,11.7,11.7,2.8,2.5
121921,Robinson Crusoe: Adventures on the Cursed Island,2012,112,7.55358,7.72916,45994,0,,,,,,,35,,3.8255,11.811,16.063,3.22835,4.93395
171623,The Voyages of Marco Polo,2015,113,7.55029,7.76809,25953,0,,,,,,94,,,3.1784,8.89764,12.4803,2.95276,3.814
364073,Splendor Duel,2022,114,7.54967,7.88641,17203,0,,,,18,,97,,,2.0053,7.08661,5.11811,1.9685,0.96562
225694,Decrypto,2018,115,7.54501,7.76507,26170,0,,,,,2,,,,1.8302,9.05512,6.29921,1.9685,1.10231
163068,Trickerion: Legends of Illusion,2015,116,7.53446,7.96974,12187,0,,,,,,79,,,4.2615,11.7,11.7,2.8,5.13677
155821,Inis,2016,117,7.53299,7.81795,22366,0,,,,,,101,,,2.944,10.875,15.59,3.11,4.7
37111,Battlestar Galactica: The Board Game,2008,118,7.5289,7.72956,37365,0,,,,,,,36,,3.2507,11.7,11.7,2.8,3.06
310873,Carnegie,2022,119,7.52548,7.97431,11270,0,,,,,,77,,,3.8112,9,12.63,4.13,7.13
217372,The Quest for El Dorado,2017,120,7.52544,7.70776,30741,0,,,,20,,,,,1.941,11.6142,11.6142,2.75591,4.12264
12,Ra,1999,121,7.52496,7.68909,30173,0,,,,,,102,,,2.3107,8.66142,10.6299,4.33071,5.46746
236457,Architects of the West Kingdom,2018,123,7.51779,7.71262,31768,0,,,,,,110,,,2.7572,9.05512,9.05512,2.6378,3.08647
310100,Nemesis: Lockdown,2022,124,7.51048,8.26631,7715,0,,,,,,,25,,3.9029,11.811,11.811,6.49606,8.85376
42,Tigris & Euphrates,1997,125,7.50866,7.70352,29623,0,,,,,,106,,,3.4817,14.7244,10.75,2.83465,2.20462
367966,Endeavor: Deep Sea,2024,126,7.50786,8.21454,7023,0,,,,,,74,,,2.9076,11.7,11.7,2.8,4.91631
122515,Keyflower,2012,127,7.50632,7.71372,24184,0,,,,,,103,,,3.3349,12.44,8.94,2.83,2.43
264220,Tainted Grail: The Fall of Avalon,2019,128,7.5062,8.03863,13684,0,,,,,,,30,,3.3636,12.2441,12.2441,4.92126,9.43799
359609,Arkham Horror: The Card Game – Revised Core Set,2021,129,7.50521,8.59915,4874,0,,1,,,,,,,3.7707,10.0394,11.6142,3.14961,3.08647
170042,Raiders of the North Sea,2015,130,7.50451,7.72295,25954,0,,,,,,112,,,2.5741,11.6929,11.6929,2.79528,2.89908
40834,Dominion: Intrigue,2009,131,7.50445,7.6869,34448,0,,,,,,117,,,2.4114,11.7,11.7,2.8,3.1875
410201,Wyrmspan,2024,132,7.50382,7.97403,13026,0,,,,,,109,,,2.8113,11.6535,11.6535,2.87402,5.48069
18602,Caylus,2005,133,7.49612,7.70622,29725,0,,,,,,113,,,3.7914,8.9,12.4,2.75,2.4
203993,Lorenzo il Magnifico,2016,134,7.49545,7.83206,14991,0,,,,,,98,,,3.2851,8.85827,12.3622,2.79528,3.42819
146021,Eldritch Horror,2013,135,7.49525,7.74313,38421,0,,,,,,,41,,3.3198,11.7,11.7,2.8,4.9
73439,Troyes,2010,136,7.49404,7.70612,24659,0,,,,,,105,,,3.3759,8.89764,12.4016,2.71654,2.75578
227935,Wonderland's War,2022,137,7.48964,8.04805,9654,0,,,,,,96,,,3.041,12.5197,12.5197,3.74016,6.93133
4098,Age of Steam,2002,138,7.48881,7.86556,12351,0,,,,,,95,,,3.8593,8.75,12.5,2.6,4.4
172386,Mombasa,2015,139,7.48497,7.8393,13744,0,,,,,,99,,,3.8902,11.811,11.811,2.75591,3.5274
269385,The Lord of the Rings: Journeys in Middle-Earth,2019,140,7.48485,7.89433,17938,0,,,,,,,34,,2.6907,11.7323,11.7323,5.51181,5.18086
163412,Patchwork,2014,141,7.47659,7.58347,72068,0,5,,,23,,,,,1.5994,7.95276,7.95276,1.81102,0.99208
36218,Dominion,2008,142,7.47519,7.59703,95134,0,,,,,,142,,,2.3456,11.7,11.7,2.8,3.197
102680,Trajan,2011,143,7.47263,7.74662,18615,0,,,,,,108,,,3.6267,8.9,11.45,2.8,3.30693
218417,Aeon's End: War Eternal,2017,144,7.46949,8.23501,6476,0,,,,,,85,,,2.9157,11.6929,11.6929,3.4252,3.97714
12493,Twilight Imperium: Third Edition,2005,145,7.4694,7.78417,19498,0,,,,,,127,38,,4.258,11.5,23,4,7.4
144733,Russian Railroads,2013,146,7.46662,7.7256,18682,0,,,,,,114,,,3.3973,9.1,12.7,2.8,3.5
43015,Hansa Teutonica,2009,147,7.46642,7.74361,16846,0,,,,,,107,,,3.0917,9,12.5,2,2.01722
396790,Nucleum,2023,148,7.45635,8.12405,7381,0,,,,,,91,,,4.1903,11.7,11.7,2.99213,6.22145
175640,Vinhos: Deluxe Edition,2016,149,7.45613,8.06356,7700,0,,,,,,92,,,3.9925,12.5,15.5,3,9
205896,Rising Sun,2018,150,7.45487,7.75657,22815,0,,,,,,133,,,3.2994,12.7953,12.7953,4.76378,6.69764
196340,Yokohama,2016,151,7.44471,7.79661,13309,0,,,,,,115,,,3.2794,11.7,11.7,3.24,5.51
325494,ISS Vanguard,2022,152,7.44271,8.40743,6475,0,,,,,,,23,,3.6688,12.9921,14.9606,6.29921,14.8812
175155,Forbidden Stars,2015,153,7.44045,7.98164,9826,0,,,,,,111,,,3.842,11.625,11.625,5.25,5.28
254640,Just One,2018,154,7.43996,7.59841,33064,0,,,,,3,,,,1.0358,6.3,9.06,1.97,1.32277
198928,Iberia,2016,155,7.4375,7.87476,11588,0,,,,,,123,,,2.5955,8.77953,12.0079,1.69291,2.49122
233371,Clank! In! Space!: A Deck-Building Adventure,2017,156,7.43743,7.76666,15713,0,,,,,,125,,,2.5784,12.1653,12.1653,3.70079,3.54944
180263,The 7th Continent,2017,157,7.43686,7.74498,23001,0,,,,,,,43,,2.8991,8.85827,12.4016,4.25197,7.27525
178900,Codenames,2015,158,7.43414,7.52974,100581,0,,,,,5,,,,1.2578,6.29921,9.05512,1.9685,1.23459
413246,Bomb Busters,2024,159,7.42042,8.04166,7728,0,,,,21,,,,,1.9378,10.6299,10.6299,1.9685,2.29281
391163,Forest Shuffle,2023,160,7.42038,7.72853,17458,0,,,,25,,137,,,2.2032,6.29921,9.05512,1.9685,1.24782
172287,Champions of Midgard,2015,161,7.41959,7.70674,18488,0,,,,,,135,,,2.6242,11.7,11.7,3.2,4.1
220877,Rajas of the Ganges,2017,163,7.41603,7.72302,15587,0,,,,,,129,,,2.9039,11.6142,11.6142,2.75591,4.40925
304783,Hadrian's Wall,2021,164,7.41438,7.89379,10007,0,,,,,,121,,,3.1681,9.05512,9.05512,2.75591,5.06622
30549,Pandemic,2008,165,7.41069,7.51973,132596,0,,,,39,,174,,,2.3952,8.66142,11.811,1.5748,2.4
132531,Roll for the Galaxy,2014,166,7.41029,7.56967,33175,0,,,,,,143,,,2.7809,11.8,11.8,3,3.8
266524,PARKS,2019,167,7.40945,7.62987,29564,0,,,,27,,,,,2.1197,8.50394,8.50394,2.75591,2.46918
463,Magic: The Gathering,1993,168,7.40932,7.59168,42138,0,,19,,,,,,,3.2816,3.22835,8.0315,4.13386,1.45505
118048,Targi,2012,169,7.40707,7.59363,25899,0,,,,,,141,,,2.3439,7.87402,7.87402,1.77165,0.94799
147020,Star Realms,2014,170,7.40397,7.55401,47233,0,,,,,,162,,,1.9164,2.75591,3.85827,2.04724,0.571
258779,Planet Unknown,2022,171,7.3998,7.76922,12832,0,,,,24,,132,,,2.25,12.7953,12.7953,4.64567,8.46575
263918,Cartographers,2019,172,7.39822,7.56411,34517,0,,,,29,,,,,1.8874,6.29921,9.44882,1.5748,0.97444
262712,Res Arcana,2019,173,7.39818,7.62116,24891,0,,,,,,146,,,2.6524,9.84252,9.84252,2.44094,1.56969
14996,Ticket to Ride: Europe,2005,174,7.39773,7.52548,82958,0,,,,36,,,,,1.9171,11.7,11.7,2.8,1.5
235802,Too Many Bones: Undertow,2018,175,7.39688,8.65491,3832,0,,,,,,89,16,,4.0365,9.75,10.75,2.75,6.87622
161970,Alchemists,2014,176,7.39653,7.63616,24009,0,,,,,,148,,,3.9243,11.6142,11.6142,2.75591,3.72581
268864,Undaunted: Normandy,2019,177,7.39548,7.77538,13620,0,,,,,,,,30,2.2661,9.05512,12.5984,3.14961,2.42508
209418,Dominion (Second Edition),2016,178,7.3941,7.82656,12121,0,,,,,,145,,,2.1742,11.7,11.7,2.8,2.17155
271324,It's a Wonderful World,2019,179,7.39157,7.6358,22204,0,,,,,,149,,,2.3277,11.4173,11.4173,2.83465,2.94538
274364,Watergate,2019,180,7.39145,7.73278,13611,0,,,,,,136,,,2.2749,8,8,1.85039,1.60937
249259,War Chest,2018,181,7.38866,7.82786,11885,0,6,,,,,,,,2.3154,7.48031,9.05512,4.72441,4.49743
77423,The Lord of the Rings: The Card Game,2011,182,7.38717,7.66131,24876,0,,10,,,,,,,3.2195,11.7,11.7,2.8,2.6
34635,Stone Age,2008,183,7.38486,7.51426,55054,0,,,,37,,164,,,2.4572,8.9,12.4,3.74,3.64
281259,The Isle of Cats,2019,184,7.38479,7.63315,24355,0,,,,28,,156,,,2.3556,11.7323,11.8898,4.01575,6.61387
308765,Praga Caput Regni,2020,185,7.38189,7.85348,10083,0,,,,,,128,,,3.7294,11.811,11.811,2.83465,5.818
328871,Terraforming Mars: Ares Expedition,2021,186,7.3779,7.64123,20248,0,,,,,,150,,,2.9192,7.91339,9.88189,3.62205,3.29812
127023,Kemet,2012,187,7.37643,7.63236,19884,0,,,,,,147,,,3.0027,11.0236,15.748,3.54331,4.30783
148949,Istanbul,2014,188,7.37613,7.53799,33125,0,,,,32,,154,,,2.5831,8.85,12.4,2.75,2.8
294484,Unmatched: Cobble & Fog,2020,189,7.37606,7.93481,9148,0,,,,,,139,,,1.971,9.05512,11.6142,2.75591,2.49122
296151,Viscounts of the West Kingdom,2020,190,7.37387,7.80742,11076,0,,,,,,134,,,3.4559,9.05512,9.05512,2.75591,2.99608
2511,Sherlock Holmes Consulting Detective: The Thames Murders & Other Cases,1981,191,7.37346,7.61133,22475,0,,,,,,,53,,2.6623,8.74016,10.6299,2.79528,1.32277
265188,Glen More II: Chronicles,2019,192,7.37251,7.87116,9201,0,,,,,,126,,,3.0062,14.5669,10.6299,4.33071,7.16502
233398,Endeavor: Age of Sail,2018,193,7.37158,7.85581,10150,0,,,,,,131,,,2.8491,15.75,11.61,2.76,7.27525
146652,Legendary Encounters: An Alien Deck Building Game,2014,194,7.37137,7.75417,13585,0,,,,,,,42,,2.7052,10,15.0394,3.14961,4.72451
82222,Xia: Legends of a Drift System,2014,195,7.37118,7.85788,10866,0,,,,,,140,37,,3.1965,11.73,17.4,2.99,5.07063
244522,That's Pretty Clever!,2018,196,7.367,7.55765,26993,0,,,,33,,,,,1.8562,5.11811,7.08661,1.65354,0.870826
283948,Marco Polo II: In the Service of the Khan,2019,197,7.36678,7.92647,8130,0,,,,,,124,,,3.3714,8.93701,12.4803,3.0315,4.42688
103885,Star Wars: X-Wing Miniatures Game,2012,198,7.36628,7.62625,25388,0,,13,,,,,,65,2.4957,10,10,2,1.6
54043,Jaipur,2009,199,7.36425,7.48201,56380,0,,,,41,,,,,1.4644,5.11811,7.08661,1.5748,0.804687
329082,Radlands,2021,200,7.36146,7.76292,13325,0,,,,,,153,,,2.2573,3.93701,7.16535,1.65354,0.83776
271896,Star Wars: Outer Rim,2019,201,7.36119,7.74418,14488,0,,,,,,,47,,2.5758,11.7,11.7,2.8,3.48771
364011,Great Western Trail: Argentina,2022,202,7.35763,8.23881,5066,0,,,,,,104,,,3.9171,11.7,11.7,2.8,6.60946
350184,Earth,2023,203,7.35725,7.62993,19707,0,,,,,,158,,,2.9051,11.7,11.7,2.8,4.68703
233867,Welcome To...,2018,204,7.35611,7.51309,33853,0,,,,40,,,,,1.8414,7.87402,7.87402,1.5748,1.54324
283355,Dune,2019,205,7.35096,7.92077,10260,0,,,,,,151,48,,3.9799,10.5,10.5,2.65,3.3863
339789,Welcome to the Moon,2021,206,7.34825,7.87282,8773,0,,,,26,,,44,,2.4554,7.99213,7.99213,2.28346,2.46918
43111,Chaos in the Old World,2009,207,7.34318,7.66009,16030,0,,,,,,157,49,,3.1977,12,12,4,4.21083
188920,This War of Mine: The Board Game,2017,208,7.3431,7.76291,14224,0,,,,,,,52,,3.3314,11.7,11.7,2.8,5.51156
316377,7 Wonders (Second Edition),2020,209,7.34231,7.82903,10803,0,,,,30,,165,,,2.2933,11.6929,11.6929,3.0315,2.96742
9609,War of the Ring,2004,210,7.34176,7.78131,10923,0,,,,,,,40,21,3.8477,11,16,3.5,6.18
10630,Memoir '44,2004,212,7.33483,7.53311,31444,0,,,,,,,,68,2.274,11.7,11.7,2.8,3.96832
314491,Meadow,2021,213,7.3338,7.7081,13043,0,,,,31,,160,,,2.2531,11.6142,11.6142,2.95276,3.79195
227224,The Red Cathedral,2020,214,7.33244,7.67018,14795,0,,,,,,163,,,2.8186,7.08661,9.05512,1.9685,1.88275
332686,John Company: Second Edition,2022,215,7.33006,8.27594,4963,0,,,,,,122,32,,4.4614,9,11.625,3.625,6
118,Modern Art,1992,216,7.3265,7.5203,24648,0,,,,,,166,,,2.2829,10,10,2,2.25
199561,Sagrada,2017,217,7.32567,7.46948,46032,0,10,,,46,,,,,1.9172,8.85827,11.6142,2.99213,2.31926
104162,Descent: Journeys in the Dark (Second Edition),2012,218,7.32504,7.60548,25836,0,,,,,,,62,,3.2146,11.75,11.75,4.25,5.85
242302,Space Base,2018,219,7.3201,7.5389,22285,0,,,,43,,,,,2.1294,9.17323,9.17323,2.79528,2.625
374173,Star Wars: The Deckbuilding Game,2023,220,7.31953,7.82771,9785,0,,,,35,,159,,,2.0349,6.61417,8.38583,2.99213,1.32277
39463,Cosmic Encounter,2008,221,7.31866,7.51006,34435,0,,,,,,200,72,,2.5813,11.7,11.7,2.8,3.06443
25021,Sekigahara: The Unification of Japan,2011,222,7.31864,7.99127,6499,0,,,,,,,,9,2.802,12.4,9.3,2.3,4.2
155426,Castles of Mad King Ludwig,2014,223,7.31487,7.50479,27232,0,,,,,,175,,,2.6482,12.2047,12.5984,2.87402,2.84396
188,Go,-2200,224,7.30889,7.65921,18049,0,16,,,,,,,,3.9124,8.4252,11.9685,2.32283,2.66098
300531,Paleo,2020,225,7.3081,7.65749,15130,0,,,,,,177,59,,2.6436,11.6929,11.6929,3.54331,3.65967
128882,The Resistance: Avalon,2012,226,7.30772,7.49697,35819,0,,,,,12,,,,1.7368,5.90551,7.87402,1.77165,0.917123
103343,A Game of Thrones: The Board Game (Second Edition),2011,227,7.30673,7.53024,36378,0,,,,,,203,,,3.7364,11.6142,11.6142,2.75591,4.40925
256680,Return to Dark Tower,2022,228,7.30624,8.20965,5531,0,,,,,,,31,,2.6547,12.2047,13.3858,6.69291,7.84846
287954,Azul: Summer Pavilion,2019,229,7.30455,7.57703,18603,0,8,,,44,,,,,2.0728,10.2756,10.2756,2.83465,2.83955
282524,Horrified,2019,230,7.30414,7.60213,19133,0,,,,47,,,63,,2.0158,10.5,10.5,2.5,2.75578
17133,Railways of the World,2005,231,7.30379,7.66339,12530,0,,,,,,161,,,3.0143,12.75,15.748,4,11.69
391137,Galactic Cruise,2025,232,7.3032,8.41878,4137,0,,,,,,118,,,3.9525,11.811,14.5669,4.92,11.3
31627,Ticket to Ride: Nordic Countries,2007,233,7.30213,7.62231,14835,0,,,,42,,,,,1.9646,11.7,11.7,2.8,2.64555
299659,Clash of Cultures: Monumental Edition,2021,234,7.30101,8.26922,4775,0,,,,,,130,,,3.7243,12.4016,12.4016,4.72441,8.58921
70149,Ora et Labora,2011,235,7.29673,7.67777,11447,0,,,,,,155,,,3.8889,8.85827,12.4016,2.75591,4.73994
822,Carcassonne,2000,236,7.29575,7.41313,136191,0,,,,58,,,,,1.8864,7.5,11,2.75,1.54324
171131,Captain Sonar,2016,237,7.29223,7.50543,23101,0,,,,,9,,66,,2.1986,11.811,11.811,3.14961,4.90749
148228,Splendor,2014,238,7.29207,7.41863,87478,0,,,,57,,,,,1.7779,8.46,10.83,2.56,2.43
104006,Village,2011,239,7.28681,7.48603,24159,0,,,,,,184,,,3.06,11.8,11.8,3,2.58382
123260,Suburbia,2012,240,7.28577,7.46207,26201,0,,,,,,189,,,2.7567,11.7,11.7,3,4.1
14105,Commands & Colors: Ancients,2006,241,7.28384,7.77826,9056,0,,,,,,,,22,2.6888,9,12,3,5.75
285967,Ankh: Gods of Egypt,2021,242,7.28081,7.7461,11128,0,,,,,,167,,,3.1291,12.7559,12.6772,4.80315,6.49482
215,Tichu,1991,243,7.27916,7.57519,16514,0,,,,,,180,,,2.3425,3.7,4.7,0.8,0.304
150376,Dead of Winter: A Crossroads Game,2014,244,7.27863,7.44513,48272,0,,,,,,,80,,3.0133,11.7717,11.7717,2.83465,4.23288
269207,The Taverns of Tiefenthal,2019,245,7.27822,7.57548,16427,0,,,,,,188,,,2.6953,11.614,11.614,2.87,3.3
241451,Aeon's End: Legacy,2019,246,7.27706,8.04329,5699,0,,,,,,144,,,2.8641,10,15,3.5,7.2973
342070,Thunder Road: Vendetta,2023,247,7.27368,7.91864,6777,0,,,,38,,,46,,1.9531,11.6142,14.1732,2.3622,4.31665
293014,Nidavellir,2020,248,7.27005,7.55929,15584,0,,,,48,,182,,,2.1152,9.84252,9.84252,2.95276,3.13056
7854,YINSH,2003,249,7.26671,7.71053,9665,0,4,,,,,,,,2.6328,9.37008,12.5984,1.65354,2.02825
400602,Civolution,2024,250,7.26437,8.1872,4608,0,,,,,,138,,,4.2212,11.811,11.811,3.54331,6.89606
9209,Ticket to Ride,2004,251,7.26418,7.38701,96089,0,,,,64,,,,,1.8212,11.6142,11.6929,2.83465,2.83294
182631,Star Realms: Colony Wars,2015,252,7.26393,7.7852,8672,0,,,,,,173,,,1.8896,2.7,3.75,1.75,0.56218
245638,Coimbra,2018,253,7.26167,7.60484,12725,0,,,,,,172,,,3.2464,11.7,11.7,2.8,3.45244
91,Paths of Glory,1999,254,7.26063,8.07111,5573,0,,,,,,,,3,3.8598,9.2,12.2,2.1,3.64
165722,KLASK,2014,255,7.25987,7.62661,11796,0,,,,45,7,,,,1.0482,17.9134,14.3701,5.90551,5.07063
429293,The Lord of the Rings: The Fellowship of the Ring – Trick-Taking Game,2024,256,7.25817,7.9557,6097,0,,,,34,,,,,1.955,4.09449,8.62205,1.5748,0.95901
188834,Secret Hitler,2016,257,7.25684,7.49296,32992,0,,,,,19,,,,1.7374,6,15,2.125,2
306735,Under Falling Skies,2020,258,7.25656,7.60926,13334,0,,,,,,196,,,2.4006,10.0394,7.28346,2.3622,2.99829
295486,My City,2020,259,7.25463,7.59455,12772,0,,,,49,,190,,,1.9808,11.6142,11.6142,2.75591,3.31796
283155,Calico,2020,260,7.25322,7.49349,22386,0,11,,,55,,,,,2.1957,9.40945,9.40945,2.79528,3.48771
126042,Nations,2013,261,7.25234,7.59575,12552,0,,,,,,176,,,3.5401,11.3,16.2,3.8,4.7
260605,Camel Up (Second Edition),2018,262,7.25199,7.55272,16556,0,,,,50,8,,,,1.5056,11.7,11.7,2.8,2.82192
54998,Cyclades,2009,263,7.24892,7.49309,22491,0,,,,,,212,,,2.8172,11.0236,15.748,3.54331,4.60105
223040,Fantasy Realms,2017,264,7.24534,7.50738,17597,0,,,,52,,,,,1.8043,5.51181,8.26772,1.5748,0.97003
195421,Near and Far,2017,265,7.24417,7.65021,11005,0,,,,,,,58,,2.8929,11.7,11.7,2.8,6.7
385761,Faraway,2023,266,7.24076,7.5514,15071,0,,,,51,,,,,1.9118,5.31496,7.28346,1.85039,0.76721
224037,Codenames: Duet,2017,267,7.24023,7.41514,25707,0,,,,59,,,,,1.3581,6.29921,9.05512,1.9685,1.32277
21050,Combat Commander: Europe,2006,268,7.23908,7.95423,6055,0,,,,,,,,11,3.2592,9.2,12.2,3,5
221194,Dinosaur Island,2017,269,7.23806,7.53775,16948,0,,,,,,213,,,3.0495,11.7,11.7,2.8,6.45
146886,La Granja,2014,270,7.23781,7.59194,11750,0,,,,,,185,,,3.5684,8.93701,12.4409,2.91339,3.5274
232832,Century: Golem Edition,2017,271,7.23358,7.58064,13685,0,,,,53,,219,,,1.7189,10.8268,7.48031,2.55906,2.09439
367220,Sea Salt & Paper,2022,272,7.23347,7.50409,19066,0,,,,60,,,,,1.4774,4.04331,5.51969,0.97638,0.41447
129437,Legendary: A Marvel Deck Building Game,2012,273,7.23064,7.52128,23186,0,,,,,,,79,,2.4341,11.5,11.5,4,4.6
158600,Hanamikoji,2013,274,7.22823,7.45668,20639,0,,,,62,,,,,1.6783,6.49606,4.33071,1.1811,440.925
420033,Vantage,2025,275,7.22789,8.44044,4165,0,,,,,,,45,,2.3422,11.811,11.811,3.93701,11.0231
3,Samurai,1998,276,7.22504,7.48136,16923,0,,,,,,209,,,2.4414,10.7,14.6,2.2,2.20462
156129,Deception: Murder in Hong Kong,2014,278,7.22242,7.42636,24536,0,,,,,14,,,,1.5852,10.9,10.9,2.5,2.3347
192291,Sushi Go Party!,2016,279,7.22192,7.37751,38871,0,,,,71,,,,,1.3166,11.6929,11.6929,2.99213,1.96432
318977,MicroMacro: Crime City,2020,280,7.22172,7.46083,18722,0,,,,61,,,,,1.1013,7.44,10.75,1.38,1.08
232405,Western Legends,2018,281,7.22165,7.60448,12580,0,,,,,,,65,,2.8527,10.8268,15.5512,3.14961,4.85017
176189,Zombicide: Black Plague,2015,282,7.22059,7.60178,17114,0,,,,,,,75,,2.4747,12.1653,12.1653,4.13386,6.39341
199478,Flamme Rouge,2016,283,7.2198,7.47969,19386,0,,,,65,,,,,1.6986,11.7,11.7,2.8,3.60676
329839,So Clover!,2021,284,7.21892,7.59035,10977,0,,,,,6,,,,1.125,6.29921,9.09449,2.20472,1.42639
274637,"Unmatched: Battle of Legends, Volume One",2019,285,7.2174,7.68681,10559,0,,,,,,220,,,1.934,9.05512,11.6142,2.75591,3.26284
295895,Distilled,2023,286,7.21734,7.77515,8035,0,,,,,,191,,,3.0246,11.9685,11.9685,4.40945,7.40312
176494,Isle of Skye: From Chieftain to King,2015,287,7.21731,7.39017,26800,0,,,,66,,227,,,2.2519,7.48031,10.7874,2.67717,2.42508
19857,Glory to Rome,2005,288,7.21587,7.4933,14745,0,,,,,,205,,,2.9328,6.45669,8.97638,1.1811,1.10231
224783,Vindication,2018,289,7.2156,7.7727,8091,0,,,,,,186,,,3.0895,12,13.75,3.5,6.2
169426,Roll Player,2016,290,7.21218,7.42454,22035,0,,,,,,228,,,2.4227,8.85827,12.5984,2.95276,3.30693
300322,Hallertau,2020,291,7.21218,7.83289,6698,0,,,,,,168,,,3.2933,8.85827,12.4409,4.05512,5.88634
555,The Princes of Florence,2000,292,7.2115,7.4963,15924,0,,,,,,211,,,3.2415,10.7,12.4,2.2,2.37
286096,Tapestry,2019,293,7.20722,7.43729,22282,0,,,,,,233,,,2.9693,11.6142,11.6142,4.01575,5.83784
351913,Tiletum,2022,294,7.20538,7.86356,6409,0,,,,,,171,,,3.394,11.7,11.7,2.8,5.51156
311193,Anno 1800: The Board Game,2020,295,7.20459,7.69964,8560,0,,,,,,192,,,3.1254,11.7323,11.7323,2.87402,3.61558
228341,Pulsar 2849,2017,296,7.20458,7.64473,9570,0,,,,,,194,,,3.3333,11.6929,11.6929,2.79528,5.04859
198994,Hero Realms,2016,297,7.20257,7.49974,19450,0,,,,,,245,,,1.8473,4,6,1.85,0.84437
194655,Santorini,2016,298,7.20103,7.34169,41291,0,17,,,,,,,,1.7219,11.78,11.78,2.5,3.25182
109276,Kanban: Driver's Edition,2014,299,7.19917,7.78356,7063,0,,,,,,179,,,4.3451,11.811,12.6378,2.24409,3.59353
150145,Skull King,2013,300,7.19905,7.53398,13991,0,,,,63,,,,,1.7342,4,6,1,0.55
9216,Goa,2004,301,7.19883,7.55429,11697,0,,,,,,201,,,3.3659,8.94,12.4,2.87,2.75578
323612,Bitoku,2021,302,7.19827,7.79325,7484,0,,,,,,195,,,3.7621,11.6142,11.6142,2.83465,6.32286
156546,Monikers,2015,303,7.19715,7.76746,7344,0,,,,,4,,,,1.0938,4,7.5,3.4,1.5
297562,Kemet: Blood and Sand,2021,304,7.19566,7.92286,5841,0,,,,,,181,,,3.1916,11.7717,14.3701,4.40945,6.929
421,1830: Railways & Robber Barons,1986,305,7.19347,7.86447,5910,0,,,,,,169,,,4.1703,8.4,11.5,2.1,2.375
416851,Castle Combo,2024,306,7.19324,7.64579,9552,0,,,,54,,,,,1.7358,7.08661,5.11811,1.81102,1.10231
20551,Shogun,2006,307,7.19269,7.5077,14520,0,,,,,,224,,,3.3656,10.8268,14.8032,3.74016,4.16674
270633,Aeon's End: The New Age,2019,308,7.19123,8.49617,3228,0,,,,,,152,,,2.9306,11.7323,11.7323,3.46457,5.06402
284189,Foundations of Rome,2022,309,7.19073,8.04228,4907,0,,,,,,178,,,1.9859,14.25,11.75,11.25,18
31481,Galaxy Trucker,2007,310,7.18938,7.32698,35404,0,,,,,,,92,,2.3292,10.7,12.4,2.2,3.5274
128621,Viticulture,2013,311,7.18495,7.47406,15142,0,,,,,,229,,,2.9495,8.9,12.4,2.2,3.69274
230253,Star Realms: Frontiers,2018,312,7.18418,7.91748,5969,0,,,,,,210,,,1.8936,7.24409,9.05512,1.74016,1.13759
400314,Apiary,2023,313,7.18248,7.70851,8210,0,,,,,,207,,,3.0031,11.811,11.811,2.95276,5.07063
284653,Mind MGMT: The Psychic Espionage “Game.”,2021,314,7.18225,7.81529,6741,0,,,,,,198,,,2.9178,9.56693,13.6614,3.30709,4.01241
356123,Turing Machine,2022,315,7.18027,7.63238,9661,0,,,,,,232,,,2.5138,9.88189,9.88189,2.44094,2.10321
140620,Lewis & Clark: The Expedition,2013,316,7.17861,7.43868,16304,0,,,,,,231,,,3.3218,11.6142,11.6142,2.75591,3.17466
305096,Endless Winter: Paleoamericans,2022,317,7.17818,7.64753,9613,0,,,,,,217,,,3.3245,11.6929,13.7795,3.54331,5.64383
27708,1960: The Making of the President,2007,318,7.17806,7.61826,9457,0,,,,,,214,,,3.2045,9,12,3,5
127060,Bora Bora,2013,319,7.17669,7.55851,10612,0,,,,,,216,,,3.7238,8.66142,12.1653,2.6378,3.8
298047,Marvel United,2020,320,7.1758,7.55287,12708,0,,,,70,,,,,1.838,10.2,10.2,2.8,2.27076
223321,Detective: A Modern Crime Board Game,2018,321,7.17542,7.61788,11274,0,,,,,,,69,,2.7437,11.6142,11.6142,2.95276,3.04238
760,Battle Line,2000,322,7.17534,7.41449,18122,0,,,,,,244,,,1.8896,6.10236,9.17323,1.53543,0.606271
204583,Kingdomino,2016,323,7.17473,7.29295,51597,0,,,,81,,,,,1.234,22.5,8.85827,1.9685,1.32277
2655,Hive,2001,324,7.1699,7.31755,39581,0,19,,,,,,,,2.3147,8.26772,8.26772,2.55906,1.7637
367150,Dune: War for Arrakis,2024,325,7.1694,8.48421,3442,0,,,,,,,33,7,3.6364,14.9606,10.6299,4.72441,8.10419
206718,Ethnos,2017,326,7.1682,7.45797,14470,0,,,,,,241,,,2.1118,12.126,12.126,2.48031,2.97624
277085,Love Letter,2019,327,7.16793,7.50697,14165,0,,,,77,16,,,,1.1111,4.48819,6.9685,0.984252,0.264555
144344,Rococo,2013,328,7.167,7.58369,9448,0,,,,,,215,,,3.0859,11.6929,11.6929,2.83465,2.75357
246784,Cryptid,2018,329,7.16656,7.43135,16439,0,,,,75,,248,,,2.2591,10.8268,7.48031,2.75591,2.49122
239188,Chronicles of Crime,2018,330,7.16593,7.54578,24342,0,,,,,,,88,,2.0602,11.6142,11.6142,2.3622,2.09439
291572,Oath,2021,331,7.16558,7.72608,8954,0,,,,,,236,91,,4.1188,10.748,16.063,3.07087,6.49923
27833,Steam,2009,332,7.16515,7.54339,10417,0,,,,,,221,,,3.4535,9.44882,11.6142,3.14961,3.1967
331106,The Witcher: Old World,2023,333,7.16121,7.90651,8220,0,,,,,,,73,,2.8808,11.811,11.811,5.51181,8.37757
146508,T.I.M.E Stories,2015,335,7.15378,7.35486,28516,0,,,,,,,95,,2.5882,11.811,11.811,2.95276,3.95509
108745,Seasons,2012,336,7.1537,7.3391,26137,0,,,,,,260,,,2.783,11.25,11.25,3,2.725
318184,Imperium: Classics,2021,337,7.15367,7.68639,8227,0,,,,,,223,,,3.6118,7.51969,11.0236,3.0315,2.69405
139976,Cthulhu Wars,2015,338,7.15352,7.8391,6703,0,,,,,,222,56,,3.1452,11.811,15.748,3.93701,13.2277
302723,Forgotten Waters,2020,339,7.15346,7.75924,6844,0,,,,,,,55,,2.0992,11.625,11.625,2.875,4.00359
370591,Dorfromantik: The Board Game,2022,340,7.15328,7.60582,9785,0,,,,69,,,,,1.6408,11.6142,11.6142,2.83465,3.03577
92828,Dixit: Odyssey,2011,341,7.15137,7.3854,22482,0,,,,,18,,,,1.1637,10.9055,10.9055,2.28346,1.98196
50,Lost Cities,1999,343,7.14884,7.25404,49791,0,,,,89,,,,,1.4747,7.8,7.8,1.25,1.058
329500,Unconscious Mind,2024,344,7.14431,7.91785,5519,0,,,,,,204,,,4.0091,12.4016,12.4016,3.0315,5.37487
46213,Telestrations,2009,345,7.14394,7.37519,20020,0,,,,,17,,,,1.0706,10.0394,10.0394,2.95276,2.51327
350316,Wayfarers of the South Tigris,2022,346,7.14388,7.79149,6194,0,,,,,,208,,,3.8192,11.6142,11.6142,2.79528,3.46567
160477,Onitama,2014,347,7.14366,7.34209,24263,0,20,,,,,,,,1.6627,3.8,10.5,3.8,1.37789
349067,The Lord of the Rings: The Card Game – Revised Core Set,2022,348,7.14035,8.44942,3430,0,,5,,,,,,,3.5809,10,11.5,3,3.4
332800,Summoner Wars (Second Edition),2021,349,7.13968,8.05589,4606,0,,7,,,,202,,,2.5714,11.7,11.7,2.8,3.30693
257499,Arkham Horror (Third Edition),2018,350,7.13928,7.67897,10629,0,,,,,,,74,,3.3719,11.625,11.625,2.875,4.40925
295374,Long Shot: The Dice Game,2022,351,7.13815,7.54644,9802,0,,,,72,,,,,1.942,5.27559,8.85827,1.88976,1.3
262211,Cloudspire,2019,352,7.13813,8.169,4209,0,,,,,,193,,,4.393,11.44,13.44,5.81,14.6
172,For Sale,1997,353,7.1373,7.26347,33494,0,,,,86,,,,,1.2508,6.25,8.5,2,0.79366
155068,Arcadia Quest,2014,355,7.13597,7.58864,10729,0,,,,,,,78,,2.5335,12.2,12.2,4.2,5
111341,The Great Zimbabwe,2012,356,7.13418,7.84351,5301,0,,,,,,197,,,3.6848,8.66142,12.2047,2.2,2.2
176734,The Manhattan Project: Energy Empire,2016,357,7.1332,7.72763,6497,0,,,,,,218,,,3.0281,8.94,11.54,2.64,4
66589,Navegador,2010,358,7.13168,7.53138,9572,0,,,,,,237,,,3.0833,11.0625,15.625,2.0625,3.1875
24181,Imperial,2006,359,7.13052,7.59168,8959,0,,,,,,230,,,3.5614,11.02,15.75,2.09,3.99
5,Acquire,1963,360,7.12823,7.35251,21699,0,,,,,,274,,,2.4908,8.4,11.5,2.1,2.20462
319966,The King Is Dead: Second Edition,2020,361,7.12632,7.60574,8194,0,,,,,,240,,,2.1646,7.44094,10.7874,1.61417,1.23459
129622,Love Letter,2012,362,7.12375,7.22638,70787,0,,,,105,,,,,1.1848,4.72441,7.87402,2.16535,0.220462
345972,Cat in the Box: Deluxe Edition,2022,363,7.12294,7.46103,11806,0,,,,78,,,,,2.0407,5.11811,7.08661,1.5748,0.84658
97207,Dungeon Petz,2011,364,7.12291,7.38637,15455,0,,,,,,258,,,3.6316,11.7,11.7,2.8,3.30693
350933,The Guild of Merchant Explorers,2022,365,7.11994,7.64184,7340,0,,,,68,,234,,,2.0442,11.6142,11.6142,2.95276,2.54413
342810,Marrakesh,2022,366,7.11753,8.10414,3874,0,,,,,,183,,,3.4247,11.7323,17.0472,4.01575,7.85287
2653,Survive: Escape from Atlantis!,1982,367,7.11715,7.31151,27471,0,,,,92,,,,,1.6934,20,10,1.25,1.91802
38453,Space Alert,2008,368,7.11667,7.38099,16444,0,,,,,,,101,,2.971,9.06,12.8,2.76,3.30693
308119,Pax Renaissance: 2nd Edition,2021,369,7.11454,8.4096,3055,0,,,,,,170,,,4.6478,11.7323,11.6929,2.79528,4.40925
22545,Age of Empires III: The Age of Discovery,2007,370,7.11395,7.50302,10443,0,,,,,,251,,,3.1243,12.4409,15.748,3.66142,4.68482
54,Tikal,1999,371,7.11178,7.31911,21212,0,,,,,,279,,,2.7772,11.6929,16.9685,2.04724,2.97624
385529,The Vale of Eternity,2023,372,7.11164,7.60194,8343,0,,,,73,,250,,,2.149,10.0394,10.0394,2.3622,1.60056
47,Chinatown,1999,373,7.11085,7.44271,12183,0,,,,82,,266,,,2.2336,10.8,14.75,3,3.32
209685,Century: Spice Road,2017,374,7.11057,7.29605,27172,0,,,,93,,,,,1.8012,7.45,10.8,2.65,1.54324
184921,Bunny Kingdom,2017,375,7.10825,7.41201,14441,0,,,,84,,271,,,2.3,11.811,11.811,2.75591,2.09439
260180,Project L,2020,377,7.10779,7.45789,12313,0,15,,,83,,,,,1.5556,8.46457,8.46457,2.24409,2.21565
143693,Glass Road,2013,378,7.1069,7.4119,12533,0,,,,,,256,,,2.9566,9.01575,12.5197,2.51969,4.18878
276182,Dead Reckoning,2022,379,7.10635,8.1483,3792,0,,,,,,199,,,3.4458,11.2205,11.2205,5.90551,8.3467
154203,Imperial Settlers,2014,380,7.10597,7.29662,25148,0,,,,,,298,,,2.7716,11.6142,11.6142,2.83465,2.71609
136888,Bruges,2013,381,7.10597,7.42659,12131,0,,,,,,255,,,2.7517,8.86,12.4,2.76,2.61689
227789,Heaven & Ale,2017,382,7.10531,7.53292,9069,0,,,,,,247,,,3.1735,11.6142,11.6142,2.75591,2.64555
234277,Nusfjord,2017,383,7.10479,7.6386,7097,0,,,,,,239,,,2.8455,8.85827,15.748,2.75591,4.77742
163967,Tiny Epic Galaxies,2015,384,7.10358,7.324,21905,0,,,,,,316,,,2.1552,4.72441,7.08661,1.5748,0.694456
245655,The King's Dilemma,2019,385,7.1031,7.68677,6897,0,,,,,,,67,,2.2471,11.811,11.811,3.93701,5.51156
63888,Innovation,2010,386,7.10182,7.31344,19818,0,,,,,,288,,,2.7745,4.75,6.25,3,0.8
333255,Keep the Heroes Out!,2022,387,7.10174,7.92142,5405,0,,,,74,,,68,,2.5,11.0236,11.0236,2.75591,3.63542
54138,Imperial 2030,2009,388,7.10092,7.63762,7195,0,,,,,,242,,,3.5012,11.125,15.675,2.125,3.75
188866,Awkward Guests: The Walton Case,2016,389,7.10002,7.54779,9312,0,,,,80,,,,,2.3223,8.46457,12.7953,2.3622,3.96832
187617,Nemo's War (Second Edition),2017,390,7.09899,7.79512,5697,0,,,,,,,61,37,3.3,11.7,11.7,2.8,3.92
181279,Fury of Dracula (Third/Fourth Edition),2015,391,7.09879,7.39942,15309,0,,,,,,,99,,3.2853,11.6142,11.6142,2.75591,4.18878
285192,Destinies,2021,392,7.09768,7.67228,9723,0,,,,,,,82,,1.9275,11.6142,11.6142,2.95276,4.01462
93260,Summoner Wars: Master Set,2011,393,7.09504,7.47139,11120,0,,21,,,,281,,,2.5157,13.9,13.9,3,3.7
336986,Flamecraft,2022,394,7.0946,7.38625,19373,0,,,,103,,343,,,2.1848,11.6929,11.6929,2.83465,3.50976
379078,Expeditions,2023,395,7.09388,7.63902,7790,0,,,,,,253,,,3.0514,12.5984,15.3543,3.14961,5.29109
202426,Sidereal Confluence,2017,396,7.09244,7.76852,5896,0,,,,,,238,,,3.5708,11.7,11.7,2.8,4
48726,Alien Frontiers,2010,397,7.09036,7.34541,15498,0,,,,,,285,,,2.5668,11.5,11.5,2.75,3.93525
301880,Raiders of Scythia,2020,398,7.08973,7.70432,6576,0,,,,,,249,,,2.771,9.05512,9.05512,2.64,2
40692,Small World,2009,399,7.08935,7.19494,74113,0,,,,113,,344,,,2.3467,11.7,11.7,2.8,4.18878
59294,Runewars,2010,400,7.08843,7.60842,8535,0,,,,,,263,76,,3.7839,11.5,23,4,6
311988,Frostpunk: The Board Game,2022,401,7.08809,8.15076,4231,0,,,,,,225,54,,4.3846,12.5984,12.5984,5.62992,11.1686
336382,Marvel United: X-Men,2021,402,7.08687,7.99972,4438,0,,,,67,,,,,1.9912,10.2362,10.2362,2.75591,2.56177
203420,EXIT: The Game – The Abandoned Cabin,2016,403,7.08678,7.41,11962,0,,,,,,,86,,2.5515,7.08661,5.11811,1.5748,0.551156
172081,Burgle Bros.,2015,404,7.08274,7.41324,12334,0,,,,91,,,113,,2.3161,4.33071,7.08661,2.95276,1.7637
318084,Furnace,2020,405,7.08162,7.39156,12743,0,,,,,,276,,,2.3231,7.6378,10.9055,2.6378,1.32277
25292,Merchants & Marauders,2010,406,7.08032,7.38902,14642,0,,,,,,,109,,3.2566,11.7,11.7,3,4.55255
21241,Neuroshima Hex,2006,407,7.08002,7.38564,15590,0,,,,,,312,,,2.6091,11.7,11.7,2.8,1.98416
304420,Bonfire,2020,408,7.07834,7.60794,7373,0,,,,,,254,,,3.6243,8.89764,12.4803,2.87402,4.49743
172818,Above and Below,2015,409,7.07786,7.34758,16882,0,,,,,,318,125,,2.5163,11.7,11.7,2.8,4
345584,Mindbug: First Contact,2022,410,7.07756,7.59283,8351,0,,,,87,,280,,,1.9395,5.03937,7.00787,1.5748,0.559974
193037,Dead of Winter: The Long Night,2016,411,7.07517,7.51042,10401,0,,,,,,,94,,3.3462,11.6142,11.6142,2.75591,3.828
219513,Bärenpark,2017,412,7.07448,7.27825,20506,0,,,,102,,,,,1.6611,7.25,10.75,2.5,3.2408
247367,"Air, Land, & Sea",2019,413,7.07379,7.45378,10167,0,,,,,,283,,,1.7263,4.5,6.25,1.5,0.42
246192,Gizmos,2018,414,7.07328,7.3637,14328,0,,,,95,,,,,2.0476,10.1968,11.6929,3.26772,2.49
39856,Dixit,2008,415,7.07232,7.18733,69429,0,,,,,27,,,,1.1932,10.75,10.75,2.25,1.7
176920,Mission: Red Planet (Second/Third Edition),2015,416,7.0708,7.39034,12144,0,,,,,,292,,,2.2079,11.7,11.7,2.8,2.68964
77130,Sid Meier's Civilization: The Board Game,2010,417,7.07045,7.37145,16243,0,,,,,,311,,,3.8994,11.7323,11.7323,2.95276,3.83384
140934,Arboretum,2015,418,7.06941,7.25458,23096,0,,,,106,,,,,2.1124,4.2126,5.98425,1.45669,0.661387
274638,Unmatched: Robin Hood vs. Bigfoot,2019,419,7.06931,7.89937,4913,0,,,,76,,257,,,1.9153,5.90551,9.64567,2.3622,2.02825
297030,Tekhenu: Obelisk of the Sun,2020,420,7.06881,7.66982,6440,0,,,,,,252,,,4.0664,11.7,11.7,2.8,5.48951
128271,Ginkgopolis,2012,421,7.06722,7.48646,8706,0,,,,,,262,,,2.9121,8.9,12.4,2.2,3.08647
13122,Antiquity,2004,422,7.06721,7.83399,4655,0,,,,,,226,,,4.3198,12.5,20.125,2.625,5.28
59959,Letters from Whitechapel,2011,423,7.06714,7.33405,16816,0,,,,,,326,126,,2.6405,11.5354,11.5354,2.75591,3.32016
45315,Dungeon Lords,2009,424,7.0649,7.34486,14231,0,,,,,,297,,,3.5737,11.7,11.7,2.8,3.3
372,Schotten Totten,1999,425,7.06407,7.35884,13467,0,,,,96,,,,,1.6744,5.55,4.35,1,0.361558
40354,Maria,2009,426,7.06381,7.99758,3939,0,,,,,,,,14,3.5875,12.2,12.2,2.5,3.2
70919,Takenoko,2011,427,7.06155,7.19956,47175,0,,,,117,,,,,1.9733,11.811,11.811,3.93701,2.75578
155987,Abyss,2014,428,7.06112,7.32535,16277,0,,,,,,320,,,2.3196,11.2992,11.2992,3.30709,3.58472
199042,Harry Potter: Hogwarts Battle,2016,429,7.0606,7.34762,21313,0,,,,114,,,147,,2.0879,8.9,12,4.1,4.25492
400366,Wondrous Creatures,2024,430,7.05792,8.06991,3763,0,,,,,,235,,,3.0203,11.811,9.84252,2.87402,4.56357
8217,San Juan,2004,431,7.05635,7.23175,24198,0,,,,,,331,,,2.2843,7.1,9,1.5,0.95
146439,BattleLore: Second Edition,2013,432,7.05583,7.67229,6560,0,,,,,,,,62,2.7264,11.5,11.5,4,5.6
351040,Ready Set Bet,2022,433,7.05572,7.5286,7934,0,,,,,13,,,,1.3025,9.44882,9.44882,2.75591,2.64555
181304,Mysterium,2015,434,7.05546,7.19743,47819,0,,,,123,,,150,,1.8893,11.2598,11.2598,3.14961,3.39512
245934,Carpe Diem,2018,435,7.05341,7.49789,8517,0,,,,,,270,,,2.5263,8.66142,12.2047,2.6378,3.82722
354934,Legacy of Yu,2023,436,7.05302,8.09593,3586,0,,,,,,243,,,2.9023,9.05512,9.05512,2.6378,3.30693
246684,Smartphone Inc.,2018,437,7.0512,7.56762,7092,0,,,,,,265,,,2.7966,11.7,11.7,2.8,6.06271
90137,Blood Bowl: Team Manager – The Card Game,2011,438,7.05026,7.39905,11713,0,,,,,,,104,,2.3478,10.2,10.2,2.2,1.9
37046,Ghost Stories,2008,439,7.04958,7.25468,21753,0,,,,,,342,130,,2.9048,11.0236,11.0236,3.14961,2.64555
119890,Agricola: All Creatures Big and Small,2012,440,7.04957,7.32779,14157,0,,,,,,321,,,2.3487,7.91,7.91,1.81,1.08
41114,The Resistance,2009,441,7.04905,7.19632,42227,0,,,,,36,,,,1.5911,5.90551,7.87402,1.77165,0.802483
195539,The Godfather: Corleone's Empire,2017,442,7.04471,7.52879,8344,0,,,,,,294,,,2.6445,12.2047,12.2047,4.13386,5.04859
163745,Star Wars: Armada,2015,443,7.0408,7.81675,5657,0,,,,,,,71,52,3.1588,11.625,11.625,5.25,3.5274
269210,Twice as Clever!,2019,445,7.03913,7.42337,9891,0,,,,97,,,,,2.2745,5.11811,7.08661,1.65354,0.78264
315767,Cartographers Heroes,2021,446,7.03897,7.72423,5510,0,,,,79,,272,,,1.9804,5.7874,7.99213,1.5748,1.23018
24480,The Pillars of the Earth,2006,447,7.03714,7.25787,18336,0,,,,,,332,,,2.8132,11.7,11.7,2.8,2.092
25554,Notre Dame,2007,448,7.03692,7.31108,13685,0,,,,,,313,,,2.7414,8.66142,12.2047,2.55906,1.65
357563,Akropolis,2022,449,7.03661,7.45246,9527,0,,,,100,,,,,1.8077,10.24,10.24,2.36,3.88014
260428,Fall of Rome,2018,450,7.0366,7.59851,6827,0,,,,,,289,,,2.491,8.9,12,2.2,2.438
244711,Newton,2018,451,7.03646,7.50787,7824,0,,,,,,278,,,3.3883,9.05512,12.5984,2.75591,3.21875
271601,Feed the Kraken,2022,452,7.03357,7.79222,5495,0,,,,,11,,105,,2.1481,11.811,11.811,2.75591,4.79285
234487,Altiplano,2017,453,7.03322,7.43519,9585,0,,,,,,299,,,3.2969,8.89764,12.4803,2.95276,4.99347
171,Chess,1475,454,7.03238,7.23258,39400,0,47,,,,,,,,3.6467,8.4,11.5,2.1,2.5265
222509,Lords of Hellas,2018,455,7.03198,7.62104,7588,0,,,,,,301,,,3.3333,11.6929,11.6929,4.13386,2
192458,51st State: Master Set,2016,456,7.03125,7.55212,7496,0,,,,,,290,,,2.8939,11.811,11.811,2.3622,3.08647
219650,Arydia: The Paths We Dare Tread,2025,457,7.02828,9.09221,2174,0,,,,,,,29,,3.3235,11.4173,15.9449,9.05512,23.8099
303057,Pan Am,2020,458,7.02808,7.52874,7783,0,,,,,,306,,,2.4156,10.5118,10.5118,2.55906,3.11734
177478,IKI,2015,459,7.02691,7.61082,6454,0,,,,,,277,,,3.0685,11.811,11.811,2.75591,3.96832
39683,At the Gates of Loyang,2009,460,7.02678,7.35188,11572,0,,,,,,317,,,3.1154,8.9,12.4,2.2,1.85
250458,Gùgōng,2018,461,7.02622,7.42296,9464,0,,,,,,303,,,3.0808,11.6929,11.6929,2.79528,4.04107
234,Hannibal: Rome vs. Carthage,1996,462,7.02604,7.7769,5046,0,,,,,,,,23,3.4541,12.0079,10.0394,2.75591,3.74786
284742,Honey Buzz,2020,463,7.02584,7.51002,8179,0,,,,99,,322,,,2.7124,10.51,10.51,2.4,3.338
319910,Pagan: Fate of Roanoke,2022,464,7.02522,7.91554,4312,0,,15,,,,261,,,3.0353,10.2362,10.2362,2.28346,2.79767
9217,Saint Petersburg,2004,465,7.02308,7.26665,16426,0,,,,,,337,,,2.4324,7,10,2,1
322708,Descent: Legends of the Dark,2021,466,7.02105,7.9093,5595,0,,,,,,,70,,2.697,11.6929,11.6929,10.3543,8.4437
318182,Imperium: Legends,2021,467,7.02051,7.84733,4663,0,,,,,,259,,,3.7551,7.4,11.9,3.1,2.7
15987,Arkham Horror,2005,468,7.01924,7.23812,40209,0,,,,,,,157,,3.585,11.7,11.7,2.8,4.40925
101721,Mage Wars Arena,2012,469,7.01803,7.5684,7984,0,,17,,,,,,,3.6827,12.7,16.7,3.5,6.3
206480,Imperial Struggle,2020,471,7.01664,8.23717,3190,0,,,,,,246,,5,4.0628,9.2,12.2,2.1,4
92415,Skull,2011,472,7.01422,7.17774,27275,0,,,,,34,,,,1.118,5.11811,5.11811,2.16535,0.914918
70323,King of Tokyo,2011,473,7.01389,7.11865,74561,0,,,,140,,,,,1.4853,9.84252,9.84252,2.75591,2.20462
343905,Boonlake,2021,474,7.01321,7.62233,5878,0,,,,,,275,,,3.8,12.5984,8.93701,3.14961,6.14649
258210,Blitzkrieg!: World War Two in 20 Minutes,2019,475,7.01012,7.55141,6599,0,,,,,,296,,76,1.9036,9.63,9,2.09,1.18
194594,Dice Forge,2017,476,7.00926,7.21506,23862,0,,,,128,,,,,1.9717,11.25,11.25,3,2.75578
236191,London (Second Edition),2017,477,7.00901,7.48378,7677,0,,,,,,307,,,2.7244,8.54331,11.0236,2.20472,2.13848
31594,In the Year of the Dragon,2007,478,7.00614,7.29477,12497,0,,,,,,334,,,3.0771,10.7,12.4,2.2,2.39
552,Bus,1999,479,7.00543,7.69844,4952,0,,,,,,267,,,3.0471,8.7,12.24,1.97,2.51988
298069,Cubitos,2021,480,7.00443,7.37479,10338,0,,,,112,,,,,2.1683,11.6929,11.6929,2.75591,3.41717
215311,Downforce,2017,481,7.00378,7.264,14897,0,,,,119,,,,,1.7321,11.6,11.6,1.6,4
334590,For Northwood! A Solo Trick-Taking Game,2021,482,7.00263,7.79487,4551,0,,,,88,,287,,,1.8522,2.95276,3.93701,1.1811,0.440925
198773,Codenames: Pictures,2016,483,7.00219,7.18046,24512,0,,,,,31,,,,1.2398,9.13386,6.37795,2.08661,1.34702
335764,"Unmatched: Battle of Legends, Volume Two",2021,484,7.00143,8.2218,3200,0,,,,,,268,,,2.0851,11.6142,8.93701,2.67717,2.24872
21348,Ticket to Ride: Märklin,2006,485,7.00132,7.41067,9338,0,,,,110,,339,,,2.2436,11.7,11.7,2.8,3.60676
365258,World Wonders,2023,486,6.99971,7.61834,6190,0,,,,94,,314,,,2.2588,11.6142,11.6142,3.14961,4.09178
33160,Endeavor,2009,487,6.99899,7.37066,9665,0,,,,,,323,,,2.9096,11.8,11.8,3,4
128671,Spartacus: A Game of Blood and Treachery,2012,488,6.99882,7.46482,9398,0,,,,,,,124,,2.7311,10.5,10.5,2.75,3.4
256226,Azul: Stained Glass of Sintra,2018,489,6.99793,7.28816,14659,0,22,,,120,,,,,2.01,10.2362,10.2362,2.75591,3.06443
292375,The Great Wall,2021,490,6.99617,7.80978,4963,0,,,,,,284,,,3.9274,12.2047,12.2047,5.23622,7.82421
1,Die Macher,1986,491,6.99531,7.58062,5958,0,,,,,,286,,,4.3103,10.7,14.6,2.8,3.74786
293141,King of Tokyo: Dark Edition,2020,492,6.99487,7.6593,5920,0,,,,104,,,,,1.6241,10.2362,10.2362,2.75591,2.0018
265736,Tiny Towns,2019,493,6.9945,7.19176,21616,0,,,,132,,,,,2.0659,11.6929,11.6929,2.87402,2.79987
138161,Firefly: The Game,2013,494,6.9929,7.38376,12499,0,,,,,,,136,,2.9542,10.5,10.5,3,4.8
34219,Biblios,2007,495,6.99272,7.19566,18234,0,,,,126,,363,,,1.6886,5.5,7.75,1.75,0.875
166669,San Juan (Second Edition),2014,496,6.99194,7.44133,7762,0,,,,,,327,,,2.0837,7.48,10.75,2.09,1.29411
316412,The LOOP,2020,497,6.99164,7.70808,5303,0,,,,,,315,,,2.8068,11.7,11.7,2.8,3.30693
315610,Massive Darkness 2: Hellscape,2022,498,6.99069,8.00848,3985,0,,,,,,,64,,2.7478,12.7953,12.7953,6.29921,9.93844
144592,Bruxelles 1893,2013,499,6.99062,7.59596,5809,0,,,,,,295,,,3.5833,8.85827,12.4016,2.87402,2.86601
385610,Kutná Hora: The City of Silver,2023,500,6.99036,7.76378,4915,0,,,,,,293,,,3.3292,11.7,11.7,2.8,5.71879
